{"cameraMode":{"drawMode":0,"name":"Shaded","section":"Shading Mode"},"sceneLighting":false,"audioPlay":false,"sceneViewState":{"showFog":true,"showMaterialUpdate":false,"showSkybox":false,"showFlares":true,"showImageEffects":true,"showParticleSystems":true},"in2DMode":false,"pivot":{"x":-2.043022632598877,"y":-0.02376103401184082,"z":11.804555892944336},"rotation":{"x":0.6792042851448059,"y":0.2724316716194153,"z":0.6103394031524658,"w":-0.30344143509864809},"size":1.207395076751709,"orthographic":false}