{"cameraMode":{"drawMode":0,"name":"Shaded","section":"Shading Mode"},"sceneLighting":false,"audioPlay":false,"sceneViewState":{"showFog":true,"showMaterialUpdate":false,"showSkybox":false,"showFlares":true,"showImageEffects":true,"showParticleSystems":true},"in2DMode":false,"pivot":{"x":-2.9439847469329836,"y":0.19483983516693116,"z":-8.9893798828125},"rotation":{"x":-0.23125937581062318,"y":0.5425002574920654,"z":-0.15841707587242127,"w":-0.7919566035270691},"size":1.3876368999481202,"orthographic":false}