{"cameraMode":{"drawMode":0,"name":"Shaded","section":"Shading Mode"},"sceneLighting":true,"audioPlay":false,"sceneViewState":{"showFog":true,"showMaterialUpdate":false,"showSkybox":true,"showFlares":true,"showImageEffects":true,"showParticleSystems":true},"in2DMode":false,"pivot":{"x":103.298583984375,"y":89.47537994384766,"z":40.02650833129883},"rotation":{"x":-0.09363602846860886,"y":-0.5286471843719482,"z":0.05872785300016403,"w":-0.8420640230178833},"size":15.138940811157227,"orthographic":false}