{"cameraMode":{"drawMode":0,"name":"Shaded","section":"Shading Mode"},"sceneLighting":false,"audioPlay":false,"sceneViewState":{"showFog":true,"showMaterialUpdate":false,"showSkybox":false,"showFlares":true,"showImageEffects":true,"showParticleSystems":true},"in2DMode":false,"pivot":{"x":-25.757747650146486,"y":0.9793243408203125,"z":-11.647480964660645},"rotation":{"x":0.26912063360214236,"y":0.5217514634132385,"z":-0.17758764326572419,"w":0.7901393175125122},"size":10.903682708740235,"orthographic":false}