{"cameraMode":{"drawMode":0,"name":"Shaded","section":"Shading Mode"},"sceneLighting":true,"audioPlay":false,"sceneViewState":{"showFog":true,"showMaterialUpdate":false,"showSkybox":true,"showFlares":true,"showImageEffects":true,"showParticleSystems":true},"in2DMode":false,"pivot":{"x":14.168400764465332,"y":2.6611239910125734,"z":3.3541476726531984},"rotation":{"x":-0.06234117969870567,"y":-0.7085461616516113,"z":0.06308853626251221,"w":-0.70008784532547},"size":7.704524993896484,"orthographic":false}