{"cameraMode":{"drawMode":0,"name":"Shaded","section":"Shading Mode"},"sceneLighting":false,"audioPlay":false,"sceneViewState":{"showFog":true,"showMaterialUpdate":true,"showSkybox":false,"showFlares":true,"showImageEffects":true,"showParticleSystems":true},"in2DMode":false,"pivot":{"x":0.14550001919269563,"y":-2.623572587966919,"z":4.039074420928955},"rotation":{"x":-0.06242486834526062,"y":0.6505978107452393,"z":-0.05379567667841911,"w":-0.7549437284469605},"size":9.361811637878418,"orthographic":false}