{"cameraMode":{"drawMode":0,"name":"Shaded","section":"Shading Mode"},"sceneLighting":false,"audioPlay":false,"sceneViewState":{"showFog":true,"showMaterialUpdate":true,"showSkybox":false,"showFlares":true,"showImageEffects":true,"showParticleSystems":true},"in2DMode":false,"pivot":{"x":16.361852645874025,"y":28.88741111755371,"z":-9.047112464904786},"rotation":{"x":-0.1489402800798416,"y":0.6136447191238403,"z":-0.11929118633270264,"w":-0.7661861777305603},"size":9.361811637878418,"orthographic":false}