{"cameraMode":{"drawMode":0,"name":"Shaded","section":"Shading Mode"},"sceneLighting":true,"audioPlay":false,"sceneViewState":{"showFog":true,"showMaterialUpdate":true,"showSkybox":true,"showFlares":true,"showImageEffects":true,"showParticleSystems":true},"in2DMode":false,"pivot":{"x":88.17228698730469,"y":15.837800979614258,"z":52.493202209472659},"rotation":{"x":-0.0073662023060023788,"y":0.8911013603210449,"z":0.009052064269781113,"w":0.45408377051353457},"size":16.500396728515626,"orthographic":false}