{"cameraMode":{"drawMode":0,"name":"Shaded","section":"Shading Mode"},"sceneLighting":true,"audioPlay":false,"sceneViewState":{"showFog":true,"showMaterialUpdate":true,"showSkybox":true,"showFlares":true,"showImageEffects":true,"showParticleSystems":true},"in2DMode":false,"pivot":{"x":66.65884399414063,"y":26.571399688720704,"z":79.30109405517578},"rotation":{"x":0.19539949297904969,"y":0.28917407989501955,"z":0.06209032982587814,"w":-0.9354682564735413},"size":4.332553863525391,"orthographic":false}