{"cameraMode":{"drawMode":0,"name":"Shaded","section":"Shading Mode"},"sceneLighting":true,"audioPlay":false,"sceneViewState":{"showFog":true,"showMaterialUpdate":false,"showSkybox":true,"showFlares":true,"showImageEffects":true,"showParticleSystems":true},"in2DMode":false,"pivot":{"x":1.2173938751220704,"y":10.426628112792969,"z":14.177521705627442},"rotation":{"x":-0.06451863050460816,"y":-0.07735844701528549,"z":0.013085586950182915,"w":-0.9958956837654114},"size":6.351959705352783,"orthographic":false}