{"cameraMode":{"drawMode":0,"name":"Shaded","section":"Shading Mode"},"sceneLighting":false,"audioPlay":false,"sceneViewState":{"showFog":true,"showMaterialUpdate":false,"showSkybox":false,"showFlares":true,"showImageEffects":true,"showParticleSystems":true},"in2DMode":false,"pivot":{"x":8.30327320098877,"y":-0.07916223257780075,"z":-1.6828137636184693},"rotation":{"x":-0.013202335685491562,"y":0.7497384548187256,"z":0.009951697662472725,"w":0.6624957919120789},"size":6.0519280433654789,"orthographic":false}