{"cameraMode":{"drawMode":0,"name":"Shaded","section":"Shading Mode"},"sceneLighting":false,"audioPlay":false,"sceneViewState":{"showFog":true,"showMaterialUpdate":false,"showSkybox":false,"showFlares":true,"showImageEffects":true,"showParticleSystems":true},"in2DMode":false,"pivot":{"x":8.388749122619629,"y":15.061727523803711,"z":24.834278106689454},"rotation":{"x":0.036173850297927859,"y":-0.9633784890174866,"z":0.1014004573225975,"w":0.25047197937965395},"size":1.6975067853927613,"orthographic":false}