{"cameraMode":{"drawMode":0,"name":"Shaded","section":"Shading Mode"},"sceneLighting":true,"audioPlay":false,"sceneViewState":{"showFog":true,"showMaterialUpdate":true,"showSkybox":true,"showFlares":true,"showImageEffects":true,"showParticleSystems":true},"in2DMode":false,"pivot":{"x":119.95217895507813,"y":10.32191276550293,"z":148.16958618164063},"rotation":{"x":-0.07693824172019959,"y":-0.36607125401496889,"z":0.031220847740769388,"w":-0.9272697567939758},"size":47.102664947509769,"orthographic":false}