{"cameraMode":{"drawMode":0,"name":"Shaded","section":"Shading Mode"},"sceneLighting":false,"audioPlay":false,"sceneViewState":{"showFog":true,"showMaterialUpdate":false,"showSkybox":false,"showFlares":true,"showImageEffects":true,"showParticleSystems":true},"in2DMode":false,"pivot":{"x":2.993170976638794,"y":3.160236358642578,"z":-1.3726356029510499},"rotation":{"x":0.041386816650629047,"y":0.7879452705383301,"z":-0.057498395442962649,"w":0.612712562084198},"size":5.451927661895752,"orthographic":false}