{"cameraMode":{"drawMode":0,"name":"Shaded","section":"Shading Mode"},"sceneLighting":true,"audioPlay":false,"sceneViewState":{"showFog":true,"showMaterialUpdate":true,"showSkybox":true,"showFlares":true,"showImageEffects":true,"showParticleSystems":true},"in2DMode":false,"pivot":{"x":6.265756607055664,"y":-0.4558143615722656,"z":6.362049102783203},"rotation":{"x":-0.08126246184110642,"y":-0.8848392963409424,"z":0.16683179140090943,"w":-0.42809024453163149},"size":10.0,"orthographic":false}