{"cameraMode":{"drawMode":0,"name":"Shaded","section":"Shading Mode"},"sceneLighting":false,"audioPlay":false,"sceneViewState":{"showFog":true,"showMaterialUpdate":false,"showSkybox":false,"showFlares":true,"showImageEffects":true,"showParticleSystems":true},"in2DMode":false,"pivot":{"x":-0.1973862648010254,"y":0.08615824580192566,"z":0.08945748209953308},"rotation":{"x":-0.3500836193561554,"y":-0.4730522930622101,"z":0.21228495240211488,"w":-0.780146062374115},"size":0.0771949291229248,"orthographic":false}