{"cameraMode":{"drawMode":0,"name":"Shaded","section":"Shading Mode"},"sceneLighting":true,"audioPlay":false,"sceneViewState":{"showFog":true,"showMaterialUpdate":true,"showSkybox":true,"showFlares":true,"showImageEffects":true,"showParticleSystems":true},"in2DMode":false,"pivot":{"x":48.96092987060547,"y":-1.2387619018554688,"z":31.315078735351564},"rotation":{"x":0.027946697548031808,"y":-0.9731760025024414,"z":0.16251398622989655,"w":0.16268983483314515},"size":38.8512077331543,"orthographic":false}