{"cameraMode":{"drawMode":0,"name":"Shaded","section":"Shading Mode"},"sceneLighting":false,"audioPlay":false,"sceneViewState":{"showFog":true,"showMaterialUpdate":false,"showSkybox":false,"showFlares":true,"showImageEffects":true,"showParticleSystems":true},"in2DMode":false,"pivot":{"x":90.83000183105469,"y":93.47000122070313,"z":-29.060001373291017},"rotation":{"x":-0.07761206477880478,"y":-0.17539077997207642,"z":0.01633148267865181,"w":-0.9819309711456299},"size":2.367077350616455,"orthographic":false}