{"cameraMode":{"drawMode":0,"name":"Shaded","section":"Shading Mode"},"sceneLighting":false,"audioPlay":false,"sceneViewState":{"showFog":true,"showMaterialUpdate":true,"showSkybox":false,"showFlares":true,"showImageEffects":true,"showParticleSystems":true},"in2DMode":false,"pivot":{"x":4.353506565093994,"y":9.773632049560547,"z":-7.3268609046936039},"rotation":{"x":-0.08038260787725449,"y":0.6734005808830261,"z":-0.07403441518545151,"w":-0.7311654090881348},"size":9.361811637878418,"orthographic":false}