{"cameraMode":{"drawMode":0,"name":"Shaded","section":"Shading Mode"},"sceneLighting":false,"audioPlay":false,"sceneViewState":{"showFog":true,"showMaterialUpdate":true,"showSkybox":false,"showFlares":true,"showImageEffects":true,"showParticleSystems":true},"in2DMode":false,"pivot":{"x":0.48000001907348635,"y":2.7100000381469728,"z":4.429999828338623},"rotation":{"x":0.1253684014081955,"y":-0.3845307528972626,"z":0.05073927715420723,"w":0.9136168956756592},"size":6.123724460601807,"orthographic":false}