{"cameraMode":{"drawMode":0,"name":"Shaded","section":"Shading Mode"},"sceneLighting":false,"audioPlay":false,"sceneViewState":{"showFog":true,"showMaterialUpdate":true,"showSkybox":false,"showFlares":true,"showImageEffects":true,"showParticleSystems":true},"in2DMode":false,"pivot":{"x":516.321533203125,"y":249.33547973632813,"z":62.881195068359378},"rotation":{"x":0.06340757012367249,"y":0.044461049139499667,"z":-0.0047666653990745548,"w":0.9970878958702087},"size":80.62257385253906,"orthographic":false}