{"cameraMode":{"drawMode":0,"name":"Shaded","section":"Shading Mode"},"sceneLighting":false,"audioPlay":false,"sceneViewState":{"showFog":true,"showMaterialUpdate":true,"showSkybox":false,"showFlares":true,"showImageEffects":true,"showParticleSystems":true},"in2DMode":false,"pivot":{"x":-0.4707455635070801,"y":89.20478057861328,"z":-0.4715843200683594},"rotation":{"x":-0.23247425258159638,"y":0.19657571613788606,"z":-0.04546757787466049,"w":-0.9516538381576538},"size":1.4517616033554078,"orthographic":false}