{"cameraMode":{"drawMode":0,"name":"Shaded","section":"Shading Mode"},"sceneLighting":false,"audioPlay":false,"sceneViewState":{"showFog":true,"showMaterialUpdate":false,"showSkybox":false,"showFlares":true,"showImageEffects":true,"showParticleSystems":true},"in2DMode":false,"pivot":{"x":4.700946807861328,"y":14.892350196838379,"z":25.16990089416504},"rotation":{"x":0.012604049406945706,"y":-0.9964610934257507,"z":-0.04932757839560509,"w":-0.08310932666063309},"size":1.6975067853927613,"orthographic":false}