{"cameraMode":{"drawMode":0,"name":"Shaded","section":"Shading Mode"},"sceneLighting":true,"audioPlay":false,"sceneViewState":{"showFog":true,"showMaterialUpdate":true,"showSkybox":true,"showFlares":true,"showImageEffects":true,"showParticleSystems":true},"in2DMode":false,"pivot":{"x":125.35376739501953,"y":14.716279983520508,"z":73.03834533691406},"rotation":{"x":-0.049910761415958408,"y":0.8566885590553284,"z":-0.08430402725934982,"w":-0.507171094417572},"size":8.595505714416504,"orthographic":false}