{"cameraMode":{"drawMode":0,"name":"Shaded","section":"Shading Mode"},"sceneLighting":false,"audioPlay":false,"sceneViewState":{"showFog":true,"showMaterialUpdate":false,"showSkybox":false,"showFlares":true,"showImageEffects":true,"showParticleSystems":true},"in2DMode":false,"pivot":{"x":0.2102707326412201,"y":0.47500795125961306,"z":0.16649337112903596},"rotation":{"x":-0.02935740351676941,"y":0.9632929563522339,"z":-0.2539864480495453,"w":-0.08998405188322067},"size":0.4806765615940094,"orthographic":false}