{"cameraMode":{"drawMode":0,"name":"Shaded","section":"Shading Mode"},"sceneLighting":false,"audioPlay":false,"sceneViewState":{"showFog":true,"showMaterialUpdate":false,"showSkybox":false,"showFlares":true,"showImageEffects":true,"showParticleSystems":true},"in2DMode":false,"pivot":{"x":0.7799999713897705,"y":-29.389999389648439,"z":-59.70000076293945},"rotation":{"x":-0.38515356183052065,"y":-0.12133924663066864,"z":0.0512986034154892,"w":-0.9140614867210388},"size":1.2247449159622193,"orthographic":false}