{"cameraMode":{"drawMode":0,"name":"Shaded","section":"Shading Mode"},"sceneLighting":false,"audioPlay":false,"sceneViewState":{"showFog":true,"showMaterialUpdate":true,"showSkybox":false,"showFlares":true,"showImageEffects":true,"showParticleSystems":true},"in2DMode":false,"pivot":{"x":13.272725105285645,"y":-4.604032039642334,"z":-19.63788604736328},"rotation":{"x":-0.04063638672232628,"y":-0.9370095133781433,"z":0.1163918599486351,"w":-0.326909601688385},"size":21.411361694335939,"orthographic":false}