{"cameraMode":{"drawMode":0,"name":"Shaded","section":"Shading Mode"},"sceneLighting":true,"audioPlay":false,"sceneViewState":{"showFog":true,"showMaterialUpdate":true,"showSkybox":true,"showFlares":true,"showImageEffects":true,"showParticleSystems":true},"in2DMode":false,"pivot":{"x":70.4561767578125,"y":18.48752212524414,"z":109.84326171875},"rotation":{"x":0.08417157828807831,"y":0.06401488184928894,"z":-0.007930233143270016,"w":0.9945592284202576},"size":16.500396728515626,"orthographic":false}