{"cameraMode":{"drawMode":0,"name":"Shaded","section":"Shading Mode"},"sceneLighting":true,"audioPlay":false,"sceneViewState":{"showFog":true,"showMaterialUpdate":true,"showSkybox":true,"showFlares":true,"showImageEffects":true,"showParticleSystems":true},"in2DMode":false,"pivot":{"x":193.73402404785157,"y":77.93507385253906,"z":-37.53133773803711},"rotation":{"x":-0.029898175969719888,"y":-0.9238511919975281,"z":0.07905514538288117,"w":-0.3734833598136902},"size":59.60578536987305,"orthographic":false}