{"cameraMode":{"drawMode":0,"name":"Shaded","section":"Shading Mode"},"sceneLighting":false,"audioPlay":false,"sceneViewState":{"showFog":true,"showMaterialUpdate":true,"showSkybox":false,"showFlares":true,"showImageEffects":true,"showParticleSystems":true},"in2DMode":false,"pivot":{"x":57.70000457763672,"y":40.19999694824219,"z":20.848434448242189},"rotation":{"x":0.17552900314331056,"y":0.3966521918773651,"z":-0.0764775425195694,"w":0.8981337547302246},"size":361.6905822753906,"orthographic":false}