{"cameraMode":{"drawMode":0,"name":"Shaded","section":"Shading Mode"},"sceneLighting":false,"audioPlay":false,"sceneViewState":{"showFog":true,"showMaterialUpdate":false,"showSkybox":false,"showFlares":true,"showImageEffects":true,"showParticleSystems":true},"in2DMode":false,"pivot":{"x":-0.08462601900100708,"y":0.01883728802204132,"z":-0.013709351420402527},"rotation":{"x":-0.0802030935883522,"y":-0.8950579762458801,"z":0.40155690908432009,"w":-0.1776401400566101},"size":0.14226438105106355,"orthographic":false}