{"cameraMode":{"drawMode":0,"name":"Shaded","section":"Shading Mode"},"sceneLighting":false,"audioPlay":false,"sceneViewState":{"showFog":true,"showMaterialUpdate":true,"showSkybox":false,"showFlares":true,"showImageEffects":true,"showParticleSystems":true},"in2DMode":false,"pivot":{"x":-3.3144521713256838,"y":1.7940224409103394,"z":0.8226580023765564},"rotation":{"x":0.05819720774888992,"y":0.9349340796470642,"z":-0.1947111338376999,"w":0.2915665805339813},"size":0.8660253882408142,"orthographic":false}