{"cameraMode":{"drawMode":0,"name":"Shaded","section":"Shading Mode"},"sceneLighting":false,"audioPlay":false,"sceneViewState":{"showFog":true,"showMaterialUpdate":false,"showSkybox":false,"showFlares":true,"showImageEffects":true,"showParticleSystems":true},"in2DMode":false,"pivot":{"x":-1.8500736951828004,"y":0.25263118743896487,"z":13.890692710876465},"rotation":{"x":0.0616416297852993,"y":0.742723286151886,"z":-0.0806976705789566,"w":0.6634641289710999},"size":1.6530534029006959,"orthographic":false}