{"cameraMode":{"drawMode":0,"name":"Shaded","section":"Shading Mode"},"sceneLighting":false,"audioPlay":false,"sceneViewState":{"showFog":true,"showMaterialUpdate":false,"showSkybox":false,"showFlares":true,"showImageEffects":true,"showParticleSystems":true},"in2DMode":false,"pivot":{"x":0.0,"y":4.3949995040893559,"z":1.0749998092651368},"rotation":{"x":0.09307383745908737,"y":-0.046291135251522067,"z":0.004331720992922783,"w":0.994574248790741},"size":14.935883522033692,"orthographic":false}