{"cameraMode":{"drawMode":0,"name":"Shaded","section":"Shading Mode"},"sceneLighting":true,"audioPlay":false,"sceneViewState":{"showFog":true,"showMaterialUpdate":false,"showSkybox":true,"showFlares":true,"showImageEffects":true,"showParticleSystems":true},"in2DMode":false,"pivot":{"x":85.41150665283203,"y":85.77725219726563,"z":31.50914764404297},"rotation":{"x":-0.044487155973911288,"y":0.9389767646789551,"z":-0.31409764289855959,"w":-0.1329917460680008},"size":7.843234062194824,"orthographic":false}